"shot_id","duration_s","dialogue","voiceover","video_prompt","negative_prompt","camera_motion","reference_images","conditioning_keyframes","keyframe_dir"
"S001","12","我出门前，明明关了灯。","午夜的雨把旧公寓包成一只黑盒。林澈回家时，厨房灯自己亮着。","style: Cinematic Realism v1, mood: cinematic, moody, controlled lighting, color palette: warm highlights, cool shadows. scene: Apartment Kitchen Night. red fridge, wooden table, rainy window. lighting: dim warm lamp + blue moonlight. character (charA_v1): short_black, white_hoodie + black_jeans, silver_ring_left_hand. prop (mug_red_v1): state: story_clue, visually consistent. 午夜的雨把旧公寓包成一只黑盒。林澈回家时，厨房灯自己亮着。, 林澈低声说：我出门前，明明关了灯。. Narration: ""午夜的雨把旧公寓包成一只黑盒。林澈回家时，厨房灯自己亮着。"". 林澈 says: ""我出门前，明明关了灯。"". Camera motion: static wide establishing shot, slow dolly in from medium to close-up. continuity locks: charA_v1 (location: apartment_kitchen_or_hallway, pose: listening); mug_red_v1 (location: near_main_character, state: warm_and_unexplained). cinematic realistic suspense comic panel, stable young Chinese man identity, rainy old apartment, red mug as recurring clue, coherent low-cost storyboard frame. Stable visual consistency across entire clip. No character drift, no prop mutation, no scene layout shift.","cartoon, neon cyberpunk (unless explicitly requested), sunlight, daylight, modern led lights, crowd, text artifacts, logo, watermark, extra fingers, face drift, face morphing, character drift, outfit change, prop mutation, scene layout shift, distorted limbs, burnt-in subtitles, motion blur excessive, flickering, framing jump cut","static wide establishing shot, slow dolly in from medium to close-up","assets/scenes/kitchen_apartment_01/anchor_A.svg | assets/scenes/kitchen_apartment_01/anchor_B.svg | assets/scenes/kitchen_apartment_01/anchor_C.svg | assets/characters/charA_v1/front.svg | assets/characters/charA_v1/side.svg | assets/characters/charA_v1/fullbody.svg | assets/props/mug_red_v1/ref.svg","assets/renders/S001/keyframes/frame_01.jpg | assets/renders/S001/keyframes/frame_01.svg","assets/renders/S001/keyframes"
"S002","12","谁来过我家？","桌上有一只红杯，杯沿还冒着热气。那不是他的杯子。","style: Cinematic Realism v1, mood: cinematic, moody, controlled lighting, color palette: warm highlights, cool shadows. scene: Apartment Kitchen Night. red fridge, wooden table, rainy window. lighting: dim warm lamp + blue moonlight. character (charA_v1): short_black, white_hoodie + black_jeans, silver_ring_left_hand. prop (mug_red_v1): state: story_clue, visually consistent. 桌上有一只红杯，杯沿还冒着热气。那不是他的杯子。, 林澈低声说：谁来过我家？. Narration: ""桌上有一只红杯，杯沿还冒着热气。那不是他的杯子。"". 林澈 says: ""谁来过我家？"". Camera motion: medium shot, subtle hand-held camera feel, focus on subject action. continuity locks: charA_v1 (location: apartment_kitchen_or_hallway, pose: searching); mug_red_v1 (location: near_main_character, state: warm_and_unexplained). cinematic realistic suspense comic panel, stable young Chinese man identity, rainy old apartment, red mug as recurring clue, coherent low-cost storyboard frame. Stable visual consistency across entire clip. No character drift, no prop mutation, no scene layout shift.","cartoon, neon cyberpunk (unless explicitly requested), sunlight, daylight, modern led lights, crowd, text artifacts, logo, watermark, extra fingers, face drift, face morphing, character drift, outfit change, prop mutation, scene layout shift, distorted limbs, burnt-in subtitles, motion blur excessive, flickering, framing jump cut","medium shot, subtle hand-held camera feel, focus on subject action","assets/scenes/kitchen_apartment_01/anchor_A.svg | assets/scenes/kitchen_apartment_01/anchor_B.svg | assets/scenes/kitchen_apartment_01/anchor_C.svg | assets/characters/charA_v1/front.svg | assets/characters/charA_v1/side.svg | assets/characters/charA_v1/fullbody.svg | assets/props/mug_red_v1/ref.svg","assets/renders/S002/keyframes/frame_01.jpg | assets/renders/S002/keyframes/frame_01.svg","assets/renders/S002/keyframes"
"S003","12","这是谁发的？","手机忽然亮起，屏幕上只有一行字：别喝。","style: Cinematic Realism v1, mood: cinematic, moody, controlled lighting, color palette: warm highlights, cool shadows. scene: Apartment Kitchen Night. red fridge, wooden table, rainy window. lighting: dim warm lamp + blue moonlight. character (charA_v1): short_black, white_hoodie + black_jeans, silver_ring_left_hand. prop (mug_red_v1): state: story_clue, visually consistent. 手机忽然亮起，屏幕上只有一行字：别喝。, 林澈低声说：这是谁发的？. Narration: ""手机忽然亮起，屏幕上只有一行字：别喝。"". 林澈 says: ""这是谁发的？"". Camera motion: tight close-up, shallow depth of field, subtle breathing camera drift. continuity locks: charA_v1 (location: apartment_kitchen_or_hallway, pose: frozen); mug_red_v1 (location: near_main_character, state: warm_and_unexplained). cinematic realistic suspense comic panel, stable young Chinese man identity, rainy old apartment, red mug as recurring clue, coherent low-cost storyboard frame. Stable visual consistency across entire clip. No character drift, no prop mutation, no scene layout shift.","cartoon, neon cyberpunk (unless explicitly requested), sunlight, daylight, modern led lights, crowd, text artifacts, logo, watermark, extra fingers, face drift, face morphing, character drift, outfit change, prop mutation, scene layout shift, distorted limbs, burnt-in subtitles, motion blur excessive, flickering, framing jump cut","tight close-up, shallow depth of field, subtle breathing camera drift","assets/scenes/kitchen_apartment_01/anchor_A.svg | assets/scenes/kitchen_apartment_01/anchor_B.svg | assets/scenes/kitchen_apartment_01/anchor_C.svg | assets/characters/charA_v1/front.svg | assets/characters/charA_v1/side.svg | assets/characters/charA_v1/fullbody.svg | assets/props/mug_red_v1/ref.svg","assets/renders/S003/keyframes/frame_01.jpg | assets/renders/S003/keyframes/frame_01.svg","assets/renders/S003/keyframes"
"S004","12","不可能。","门外传来电梯停靠的声音，可这栋楼的电梯上周就坏了。","style: Cinematic Realism v1, mood: cinematic, moody, controlled lighting, color palette: warm highlights, cool shadows. scene: Apartment Kitchen Night. red fridge, wooden table, rainy window. lighting: dim warm lamp + blue moonlight. character (charA_v1): short_black, white_hoodie + black_jeans, silver_ring_left_hand. prop (mug_red_v1): state: story_clue, visually consistent. 门外传来电梯停靠的声音，可这栋楼的电梯上周就坏了。, 林澈低声说：不可能。. Narration: ""门外传来电梯停靠的声音，可这栋楼的电梯上周就坏了。"". 林澈 says: ""不可能。"". Camera motion: detail insert shot, smooth focus pull, macro lens feel, very slight movement. continuity locks: charA_v1 (location: apartment_kitchen_or_hallway, pose: listening); mug_red_v1 (location: near_main_character, state: warm_and_unexplained). cinematic realistic suspense comic panel, stable young Chinese man identity, rainy old apartment, red mug as recurring clue, coherent low-cost storyboard frame. Stable visual consistency across entire clip. No character drift, no prop mutation, no scene layout shift.","cartoon, neon cyberpunk (unless explicitly requested), sunlight, daylight, modern led lights, crowd, text artifacts, logo, watermark, extra fingers, face drift, face morphing, character drift, outfit change, prop mutation, scene layout shift, distorted limbs, burnt-in subtitles, motion blur excessive, flickering, framing jump cut","detail insert shot, smooth focus pull, macro lens feel, very slight movement","assets/scenes/kitchen_apartment_01/anchor_A.svg | assets/scenes/kitchen_apartment_01/anchor_B.svg | assets/scenes/kitchen_apartment_01/anchor_C.svg | assets/characters/charA_v1/front.svg | assets/characters/charA_v1/side.svg | assets/characters/charA_v1/fullbody.svg | assets/props/mug_red_v1/ref.svg","assets/renders/S004/keyframes/frame_01.jpg | assets/renders/S004/keyframes/frame_01.svg","assets/renders/S004/keyframes"
"S005","12","有人在外面。","他走到猫眼前，走廊空着，灯却一盏一盏熄灭。","style: Cinematic Realism v1, mood: cinematic, moody, controlled lighting, color palette: warm highlights, cool shadows. scene: Apartment Kitchen Night. red fridge, wooden table, rainy window. lighting: dim warm lamp + blue moonlight. character (charA_v1): short_black, white_hoodie + black_jeans, silver_ring_left_hand. prop (mug_red_v1): state: story_clue, visually consistent. 他走到猫眼前，走廊空着，灯却一盏一盏熄灭。, 林澈低声说：有人在外面。. Narration: ""他走到猫眼前，走廊空着，灯却一盏一盏熄灭。"". 林澈 says: ""有人在外面。"". Camera motion: over-the-shoulder shot, slow rack focus between subjects. continuity locks: charA_v1 (location: apartment_kitchen_or_hallway, pose: searching); mug_red_v1 (location: near_main_character, state: warm_and_unexplained). cinematic realistic suspense comic panel, stable young Chinese man identity, rainy old apartment, red mug as recurring clue, coherent low-cost storyboard frame. Stable visual consistency across entire clip. No character drift, no prop mutation, no scene layout shift.","cartoon, neon cyberpunk (unless explicitly requested), sunlight, daylight, modern led lights, crowd, text artifacts, logo, watermark, extra fingers, face drift, face morphing, character drift, outfit change, prop mutation, scene layout shift, distorted limbs, burnt-in subtitles, motion blur excessive, flickering, framing jump cut","over-the-shoulder shot, slow rack focus between subjects","assets/scenes/kitchen_apartment_01/anchor_A.svg | assets/scenes/kitchen_apartment_01/anchor_B.svg | assets/scenes/kitchen_apartment_01/anchor_C.svg | assets/characters/charA_v1/front.svg | assets/characters/charA_v1/side.svg | assets/characters/charA_v1/fullbody.svg | assets/props/mug_red_v1/ref.svg","assets/renders/S005/keyframes/frame_01.jpg | assets/renders/S005/keyframes/frame_01.svg","assets/renders/S005/keyframes"
"S006","12","这是我小时候的家？","红杯下面压着半张照片，照片里是十年前的厨房。","style: Cinematic Realism v1, mood: cinematic, moody, controlled lighting, color palette: warm highlights, cool shadows. scene: Apartment Kitchen Night. red fridge, wooden table, rainy window. lighting: dim warm lamp + blue moonlight. character (charA_v1): short_black, white_hoodie + black_jeans, silver_ring_left_hand. prop (mug_red_v1): state: story_clue, visually consistent. 红杯下面压着半张照片，照片里是十年前的厨房。, 林澈低声说：这是我小时候的家？. Narration: ""红杯下面压着半张照片，照片里是十年前的厨房。"". 林澈 says: ""这是我小时候的家？"". Camera motion: low angle shot, slight upward tilt, dramatic perspective. continuity locks: charA_v1 (location: apartment_kitchen_or_hallway, pose: frozen); mug_red_v1 (location: near_main_character, state: warm_and_unexplained). cinematic realistic suspense comic panel, stable young Chinese man identity, rainy old apartment, red mug as recurring clue, coherent low-cost storyboard frame. Stable visual consistency across entire clip. No character drift, no prop mutation, no scene layout shift.","cartoon, neon cyberpunk (unless explicitly requested), sunlight, daylight, modern led lights, crowd, text artifacts, logo, watermark, extra fingers, face drift, face morphing, character drift, outfit change, prop mutation, scene layout shift, distorted limbs, burnt-in subtitles, motion blur excessive, flickering, framing jump cut","low angle shot, slight upward tilt, dramatic perspective","assets/scenes/kitchen_apartment_01/anchor_A.svg | assets/scenes/kitchen_apartment_01/anchor_B.svg | assets/scenes/kitchen_apartment_01/anchor_C.svg | assets/characters/charA_v1/front.svg | assets/characters/charA_v1/side.svg | assets/characters/charA_v1/fullbody.svg | assets/props/mug_red_v1/ref.svg","assets/renders/S006/keyframes/frame_01.jpg","assets/renders/S006/keyframes"
"S007","12","妈妈？","照片角落站着一个女人，脸被雨水一样的划痕抹掉。","style: Cinematic Realism v1, mood: cinematic, moody, controlled lighting, color palette: warm highlights, cool shadows. scene: Apartment Kitchen Night. red fridge, wooden table, rainy window. lighting: dim warm lamp + blue moonlight. character (charA_v1): short_black, white_hoodie + black_jeans, silver_ring_left_hand. prop (mug_red_v1): state: story_clue, visually consistent. 照片角落站着一个女人，脸被雨水一样的划痕抹掉。, 林澈低声说：妈妈？. Narration: ""照片角落站着一个女人，脸被雨水一样的划痕抹掉。"". 林澈 says: ""妈妈？"". Camera motion: high angle shot, downward perspective, surveillance or top-down feel. continuity locks: charA_v1 (location: apartment_kitchen_or_hallway, pose: listening); mug_red_v1 (location: near_main_character, state: warm_and_unexplained). cinematic realistic suspense comic panel, stable young Chinese man identity, rainy old apartment, red mug as recurring clue, coherent low-cost storyboard frame. Stable visual consistency across entire clip. No character drift, no prop mutation, no scene layout shift.","cartoon, neon cyberpunk (unless explicitly requested), sunlight, daylight, modern led lights, crowd, text artifacts, logo, watermark, extra fingers, face drift, face morphing, character drift, outfit change, prop mutation, scene layout shift, distorted limbs, burnt-in subtitles, motion blur excessive, flickering, framing jump cut","high angle shot, downward perspective, surveillance or top-down feel","assets/scenes/kitchen_apartment_01/anchor_A.svg | assets/scenes/kitchen_apartment_01/anchor_B.svg | assets/scenes/kitchen_apartment_01/anchor_C.svg | assets/characters/charA_v1/front.svg | assets/characters/charA_v1/side.svg | assets/characters/charA_v1/fullbody.svg | assets/props/mug_red_v1/ref.svg","assets/renders/S007/keyframes/frame_01.jpg","assets/renders/S007/keyframes"
"S008","12","我不是都忘了吗？","林澈的记忆突然断开。母亲失踪那晚，也下着这样的雨。","style: Cinematic Realism v1, mood: cinematic, moody, controlled lighting, color palette: warm highlights, cool shadows. scene: Apartment Kitchen Night. red fridge, wooden table, rainy window. lighting: dim warm lamp + blue moonlight. character (charA_v1): short_black, white_hoodie + black_jeans, silver_ring_left_hand. prop (mug_red_v1): state: story_clue, visually consistent. 林澈的记忆突然断开。母亲失踪那晚，也下着这样的雨。, 林澈低声说：我不是都忘了吗？. Narration: ""林澈的记忆突然断开。母亲失踪那晚，也下着这样的雨。"". 林澈 says: ""我不是都忘了吗？"". Camera motion: extreme close-up, ultra shallow depth of field, slow micro-movement. continuity locks: charA_v1 (location: apartment_kitchen_or_hallway, pose: searching); mug_red_v1 (location: near_main_character, state: warm_and_unexplained). cinematic realistic suspense comic panel, stable young Chinese man identity, rainy old apartment, red mug as recurring clue, coherent low-cost storyboard frame. Stable visual consistency across entire clip. No character drift, no prop mutation, no scene layout shift.","cartoon, neon cyberpunk (unless explicitly requested), sunlight, daylight, modern led lights, crowd, text artifacts, logo, watermark, extra fingers, face drift, face morphing, character drift, outfit change, prop mutation, scene layout shift, distorted limbs, burnt-in subtitles, motion blur excessive, flickering, framing jump cut","extreme close-up, ultra shallow depth of field, slow micro-movement","assets/scenes/kitchen_apartment_01/anchor_A.svg | assets/scenes/kitchen_apartment_01/anchor_B.svg | assets/scenes/kitchen_apartment_01/anchor_C.svg | assets/characters/charA_v1/front.svg | assets/characters/charA_v1/side.svg | assets/characters/charA_v1/fullbody.svg | assets/props/mug_red_v1/ref.svg","assets/renders/S008/keyframes/frame_01.jpg","assets/renders/S008/keyframes"
"S009","12","够了，别响了。","水槽开始滴水，滴声像秒针，把房间切得很窄。","style: Cinematic Realism v1, mood: cinematic, moody, controlled lighting, color palette: warm highlights, cool shadows. scene: Apartment Kitchen Night. red fridge, wooden table, rainy window. lighting: dim warm lamp + blue moonlight. character (charA_v1): short_black, white_hoodie + black_jeans, silver_ring_left_hand. prop (mug_red_v1): state: story_clue, visually consistent. 水槽开始滴水，滴声像秒针，把房间切得很窄。, 林澈低声说：够了，别响了。. Narration: ""水槽开始滴水，滴声像秒针，把房间切得很窄。"". 林澈 says: ""够了，别响了。"". Camera motion: static wide establishing shot, slow dolly in from medium to close-up. continuity locks: charA_v1 (location: apartment_kitchen_or_hallway, pose: frozen); mug_red_v1 (location: near_main_character, state: warm_and_unexplained). cinematic realistic suspense comic panel, stable young Chinese man identity, rainy old apartment, red mug as recurring clue, coherent low-cost storyboard frame. Stable visual consistency across entire clip. No character drift, no prop mutation, no scene layout shift.","cartoon, neon cyberpunk (unless explicitly requested), sunlight, daylight, modern led lights, crowd, text artifacts, logo, watermark, extra fingers, face drift, face morphing, character drift, outfit change, prop mutation, scene layout shift, distorted limbs, burnt-in subtitles, motion blur excessive, flickering, framing jump cut","static wide establishing shot, slow dolly in from medium to close-up","assets/scenes/kitchen_apartment_01/anchor_A.svg | assets/scenes/kitchen_apartment_01/anchor_B.svg | assets/scenes/kitchen_apartment_01/anchor_C.svg | assets/characters/charA_v1/front.svg | assets/characters/charA_v1/side.svg | assets/characters/charA_v1/fullbody.svg | assets/props/mug_red_v1/ref.svg","assets/renders/S009/keyframes/frame_01.jpg","assets/renders/S009/keyframes"
"S010","12","五零三？隔壁？","红杯里浮起一枚钥匙，钥匙柄刻着五楼的门牌号。","style: Cinematic Realism v1, mood: cinematic, moody, controlled lighting, color palette: warm highlights, cool shadows. scene: Apartment Kitchen Night. red fridge, wooden table, rainy window. lighting: dim warm lamp + blue moonlight. character (charA_v1): short_black, white_hoodie + black_jeans, silver_ring_left_hand. prop (mug_red_v1): state: story_clue, visually consistent. 红杯里浮起一枚钥匙，钥匙柄刻着五楼的门牌号。, 林澈低声说：五零三？隔壁？. Narration: ""红杯里浮起一枚钥匙，钥匙柄刻着五楼的门牌号。"". 林澈 says: ""五零三？隔壁？"". Camera motion: medium shot, subtle hand-held camera feel, focus on subject action. continuity locks: charA_v1 (location: apartment_kitchen_or_hallway, pose: listening); mug_red_v1 (location: near_main_character, state: warm_and_unexplained). cinematic realistic suspense comic panel, stable young Chinese man identity, rainy old apartment, red mug as recurring clue, coherent low-cost storyboard frame. Stable visual consistency across entire clip. No character drift, no prop mutation, no scene layout shift.","cartoon, neon cyberpunk (unless explicitly requested), sunlight, daylight, modern led lights, crowd, text artifacts, logo, watermark, extra fingers, face drift, face morphing, character drift, outfit change, prop mutation, scene layout shift, distorted limbs, burnt-in subtitles, motion blur excessive, flickering, framing jump cut","medium shot, subtle hand-held camera feel, focus on subject action","assets/scenes/kitchen_apartment_01/anchor_A.svg | assets/scenes/kitchen_apartment_01/anchor_B.svg | assets/scenes/kitchen_apartment_01/anchor_C.svg | assets/characters/charA_v1/front.svg | assets/characters/charA_v1/side.svg | assets/characters/charA_v1/fullbody.svg | assets/props/mug_red_v1/ref.svg","assets/renders/S010/keyframes/frame_01.jpg","assets/renders/S010/keyframes"
"S011","12","你想让我过去？","他握住钥匙，杯子里的热气立刻变冷，像一口叹息。","style: Cinematic Realism v1, mood: cinematic, moody, controlled lighting, color palette: warm highlights, cool shadows. scene: Apartment Kitchen Night. red fridge, wooden table, rainy window. lighting: dim warm lamp + blue moonlight. character (charA_v1): short_black, white_hoodie + black_jeans, silver_ring_left_hand. prop (mug_red_v1): state: story_clue, visually consistent. 他握住钥匙，杯子里的热气立刻变冷，像一口叹息。, 林澈低声说：你想让我过去？. Narration: ""他握住钥匙，杯子里的热气立刻变冷，像一口叹息。"". 林澈 says: ""你想让我过去？"". Camera motion: tight close-up, shallow depth of field, subtle breathing camera drift. continuity locks: charA_v1 (location: apartment_kitchen_or_hallway, pose: searching); mug_red_v1 (location: near_main_character, state: warm_and_unexplained). cinematic realistic suspense comic panel, stable young Chinese man identity, rainy old apartment, red mug as recurring clue, coherent low-cost storyboard frame. Stable visual consistency across entire clip. No character drift, no prop mutation, no scene layout shift.","cartoon, neon cyberpunk (unless explicitly requested), sunlight, daylight, modern led lights, crowd, text artifacts, logo, watermark, extra fingers, face drift, face morphing, character drift, outfit change, prop mutation, scene layout shift, distorted limbs, burnt-in subtitles, motion blur excessive, flickering, framing jump cut","tight close-up, shallow depth of field, subtle breathing camera drift","assets/scenes/kitchen_apartment_01/anchor_A.svg | assets/scenes/kitchen_apartment_01/anchor_B.svg | assets/scenes/kitchen_apartment_01/anchor_C.svg | assets/characters/charA_v1/front.svg | assets/characters/charA_v1/side.svg | assets/characters/charA_v1/fullbody.svg | assets/props/mug_red_v1/ref.svg","assets/renders/S011/keyframes/frame_01.jpg","assets/renders/S011/keyframes"
"S012","12","有人吗？","走廊尽头的五零三，门缝里透出和厨房一样的暖光。","style: Cinematic Realism v1, mood: cinematic, moody, controlled lighting, color palette: warm highlights, cool shadows. scene: Apartment Kitchen Night. red fridge, wooden table, rainy window. lighting: dim warm lamp + blue moonlight. character (charA_v1): short_black, white_hoodie + black_jeans, silver_ring_left_hand. prop (mug_red_v1): state: story_clue, visually consistent. 走廊尽头的五零三，门缝里透出和厨房一样的暖光。, 林澈低声说：有人吗？. Narration: ""走廊尽头的五零三，门缝里透出和厨房一样的暖光。"". 林澈 says: ""有人吗？"". Camera motion: detail insert shot, smooth focus pull, macro lens feel, very slight movement. continuity locks: charA_v1 (location: apartment_kitchen_or_hallway, pose: frozen); mug_red_v1 (location: near_main_character, state: warm_and_unexplained). cinematic realistic suspense comic panel, stable young Chinese man identity, rainy old apartment, red mug as recurring clue, coherent low-cost storyboard frame. Stable visual consistency across entire clip. No character drift, no prop mutation, no scene layout shift.","cartoon, neon cyberpunk (unless explicitly requested), sunlight, daylight, modern led lights, crowd, text artifacts, logo, watermark, extra fingers, face drift, face morphing, character drift, outfit change, prop mutation, scene layout shift, distorted limbs, burnt-in subtitles, motion blur excessive, flickering, framing jump cut","detail insert shot, smooth focus pull, macro lens feel, very slight movement","assets/scenes/kitchen_apartment_01/anchor_A.svg | assets/scenes/kitchen_apartment_01/anchor_B.svg | assets/scenes/kitchen_apartment_01/anchor_C.svg | assets/characters/charA_v1/front.svg | assets/characters/charA_v1/side.svg | assets/characters/charA_v1/fullbody.svg | assets/props/mug_red_v1/ref.svg","assets/renders/S012/keyframes/frame_01.jpg","assets/renders/S012/keyframes"
"S013","12","这不是隔壁，这是我家。","钥匙刚插进去，门自己开了。屋里摆着同样的桌，同样的红杯。","style: Cinematic Realism v1, mood: cinematic, moody, controlled lighting, color palette: warm highlights, cool shadows. scene: Apartment Kitchen Night. red fridge, wooden table, rainy window. lighting: dim warm lamp + blue moonlight. character (charA_v1): short_black, white_hoodie + black_jeans, silver_ring_left_hand. prop (mug_red_v1): state: story_clue, visually consistent. 钥匙刚插进去，门自己开了。屋里摆着同样的桌，同样的红杯。, 林澈低声说：这不是隔壁，这是我家。. Narration: ""钥匙刚插进去，门自己开了。屋里摆着同样的桌，同样的红杯。"". 林澈 says: ""这不是隔壁，这是我家。"". Camera motion: over-the-shoulder shot, slow rack focus between subjects. continuity locks: charA_v1 (location: apartment_kitchen_or_hallway, pose: listening); mug_red_v1 (location: near_main_character, state: warm_and_unexplained). cinematic realistic suspense comic panel, stable young Chinese man identity, rainy old apartment, red mug as recurring clue, coherent low-cost storyboard frame. Stable visual consistency across entire clip. No character drift, no prop mutation, no scene layout shift.","cartoon, neon cyberpunk (unless explicitly requested), sunlight, daylight, modern led lights, crowd, text artifacts, logo, watermark, extra fingers, face drift, face morphing, character drift, outfit change, prop mutation, scene layout shift, distorted limbs, burnt-in subtitles, motion blur excessive, flickering, framing jump cut","over-the-shoulder shot, slow rack focus between subjects","assets/scenes/kitchen_apartment_01/anchor_A.svg | assets/scenes/kitchen_apartment_01/anchor_B.svg | assets/scenes/kitchen_apartment_01/anchor_C.svg | assets/characters/charA_v1/front.svg | assets/characters/charA_v1/side.svg | assets/characters/charA_v1/fullbody.svg | assets/props/mug_red_v1/ref.svg","assets/renders/S013/keyframes/frame_01.jpg","assets/renders/S013/keyframes"
"S014","12","原来有人一直在这里。","墙上贴着旧报纸，日期停在母亲失踪后的第二天。","style: Cinematic Realism v1, mood: cinematic, moody, controlled lighting, color palette: warm highlights, cool shadows. scene: Apartment Kitchen Night. red fridge, wooden table, rainy window. lighting: dim warm lamp + blue moonlight. character (charA_v1): short_black, white_hoodie + black_jeans, silver_ring_left_hand. prop (mug_red_v1): state: story_clue, visually consistent. 墙上贴着旧报纸，日期停在母亲失踪后的第二天。, 林澈低声说：原来有人一直在这里。. Narration: ""墙上贴着旧报纸，日期停在母亲失踪后的第二天。"". 林澈 says: ""原来有人一直在这里。"". Camera motion: low angle shot, slight upward tilt, dramatic perspective. continuity locks: charA_v1 (location: apartment_kitchen_or_hallway, pose: searching); mug_red_v1 (location: near_main_character, state: warm_and_unexplained). cinematic realistic suspense comic panel, stable young Chinese man identity, rainy old apartment, red mug as recurring clue, coherent low-cost storyboard frame. Stable visual consistency across entire clip. No character drift, no prop mutation, no scene layout shift.","cartoon, neon cyberpunk (unless explicitly requested), sunlight, daylight, modern led lights, crowd, text artifacts, logo, watermark, extra fingers, face drift, face morphing, character drift, outfit change, prop mutation, scene layout shift, distorted limbs, burnt-in subtitles, motion blur excessive, flickering, framing jump cut","low angle shot, slight upward tilt, dramatic perspective","assets/scenes/kitchen_apartment_01/anchor_A.svg | assets/scenes/kitchen_apartment_01/anchor_B.svg | assets/scenes/kitchen_apartment_01/anchor_C.svg | assets/characters/charA_v1/front.svg | assets/characters/charA_v1/side.svg | assets/characters/charA_v1/fullbody.svg | assets/props/mug_red_v1/ref.svg","assets/renders/S014/keyframes/frame_01.jpg","assets/renders/S014/keyframes"
"S015","12","他是谁？是我吗？","报纸下面露出一段铅笔字：如果他回来，别让他记起地下室。","style: Cinematic Realism v1, mood: cinematic, moody, controlled lighting, color palette: warm highlights, cool shadows. scene: Apartment Kitchen Night. red fridge, wooden table, rainy window. lighting: dim warm lamp + blue moonlight. character (charA_v1): short_black, white_hoodie + black_jeans, silver_ring_left_hand. prop (mug_red_v1): state: story_clue, visually consistent. 报纸下面露出一段铅笔字：如果他回来，别让他记起地下室。, 林澈低声说：他是谁？是我吗？. Narration: ""报纸下面露出一段铅笔字：如果他回来，别让他记起地下室。"". 林澈 says: ""他是谁？是我吗？"". Camera motion: high angle shot, downward perspective, surveillance or top-down feel. continuity locks: charA_v1 (location: apartment_kitchen_or_hallway, pose: frozen); mug_red_v1 (location: near_main_character, state: warm_and_unexplained). cinematic realistic suspense comic panel, stable young Chinese man identity, rainy old apartment, red mug as recurring clue, coherent low-cost storyboard frame. Stable visual consistency across entire clip. No character drift, no prop mutation, no scene layout shift.","cartoon, neon cyberpunk (unless explicitly requested), sunlight, daylight, modern led lights, crowd, text artifacts, logo, watermark, extra fingers, face drift, face morphing, character drift, outfit change, prop mutation, scene layout shift, distorted limbs, burnt-in subtitles, motion blur excessive, flickering, framing jump cut","high angle shot, downward perspective, surveillance or top-down feel","assets/scenes/kitchen_apartment_01/anchor_A.svg | assets/scenes/kitchen_apartment_01/anchor_B.svg | assets/scenes/kitchen_apartment_01/anchor_C.svg | assets/characters/charA_v1/front.svg | assets/characters/charA_v1/side.svg | assets/characters/charA_v1/fullbody.svg | assets/props/mug_red_v1/ref.svg","assets/renders/S015/keyframes/frame_01.jpg","assets/renders/S015/keyframes"
"S016","12","别回头。","窗外闪电照亮房间，玻璃上倒映出另一个林澈站在身后。","style: Cinematic Realism v1, mood: cinematic, moody, controlled lighting, color palette: warm highlights, cool shadows. scene: Apartment Kitchen Night. red fridge, wooden table, rainy window. lighting: dim warm lamp + blue moonlight. character (charA_v1): short_black, white_hoodie + black_jeans, silver_ring_left_hand. prop (mug_red_v1): state: story_clue, visually consistent. 窗外闪电照亮房间，玻璃上倒映出另一个林澈站在身后。, 林澈低声说：别回头。. Narration: ""窗外闪电照亮房间，玻璃上倒映出另一个林澈站在身后。"". 林澈 says: ""别回头。"". Camera motion: extreme close-up, ultra shallow depth of field, slow micro-movement. continuity locks: charA_v1 (location: apartment_kitchen_or_hallway, pose: listening); mug_red_v1 (location: near_main_character, state: warm_and_unexplained). cinematic realistic suspense comic panel, stable young Chinese man identity, rainy old apartment, red mug as recurring clue, coherent low-cost storyboard frame. Stable visual consistency across entire clip. No character drift, no prop mutation, no scene layout shift.","cartoon, neon cyberpunk (unless explicitly requested), sunlight, daylight, modern led lights, crowd, text artifacts, logo, watermark, extra fingers, face drift, face morphing, character drift, outfit change, prop mutation, scene layout shift, distorted limbs, burnt-in subtitles, motion blur excessive, flickering, framing jump cut","extreme close-up, ultra shallow depth of field, slow micro-movement","assets/scenes/kitchen_apartment_01/anchor_A.svg | assets/scenes/kitchen_apartment_01/anchor_B.svg | assets/scenes/kitchen_apartment_01/anchor_C.svg | assets/characters/charA_v1/front.svg | assets/characters/charA_v1/side.svg | assets/characters/charA_v1/fullbody.svg | assets/props/mug_red_v1/ref.svg","assets/renders/S016/keyframes/frame_01.jpg","assets/renders/S016/keyframes"
"S017","12","你到底要我看什么？","他还是回头了。身后没有人，只有柜门轻轻敞开。","style: Cinematic Realism v1, mood: cinematic, moody, controlled lighting, color palette: warm highlights, cool shadows. scene: Apartment Kitchen Night. red fridge, wooden table, rainy window. lighting: dim warm lamp + blue moonlight. character (charA_v1): short_black, white_hoodie + black_jeans, silver_ring_left_hand. prop (mug_red_v1): state: story_clue, visually consistent. 他还是回头了。身后没有人，只有柜门轻轻敞开。, 林澈低声说：你到底要我看什么？. Narration: ""他还是回头了。身后没有人，只有柜门轻轻敞开。"". 林澈 says: ""你到底要我看什么？"". Camera motion: static wide establishing shot, slow dolly in from medium to close-up. continuity locks: charA_v1 (location: apartment_kitchen_or_hallway, pose: searching); mug_red_v1 (location: near_main_character, state: warm_and_unexplained). cinematic realistic suspense comic panel, stable young Chinese man identity, rainy old apartment, red mug as recurring clue, coherent low-cost storyboard frame. Stable visual consistency across entire clip. No character drift, no prop mutation, no scene layout shift.","cartoon, neon cyberpunk (unless explicitly requested), sunlight, daylight, modern led lights, crowd, text artifacts, logo, watermark, extra fingers, face drift, face morphing, character drift, outfit change, prop mutation, scene layout shift, distorted limbs, burnt-in subtitles, motion blur excessive, flickering, framing jump cut","static wide establishing shot, slow dolly in from medium to close-up","assets/scenes/kitchen_apartment_01/anchor_A.svg | assets/scenes/kitchen_apartment_01/anchor_B.svg | assets/scenes/kitchen_apartment_01/anchor_C.svg | assets/characters/charA_v1/front.svg | assets/characters/charA_v1/side.svg | assets/characters/charA_v1/fullbody.svg | assets/props/mug_red_v1/ref.svg","assets/renders/S017/keyframes/frame_01.jpg","assets/renders/S017/keyframes"
"S018","12","林澈，一九九九。","柜子里塞满录像带，每一盘都贴着他的名字。","style: Cinematic Realism v1, mood: cinematic, moody, controlled lighting, color palette: warm highlights, cool shadows. scene: Apartment Kitchen Night. red fridge, wooden table, rainy window. lighting: dim warm lamp + blue moonlight. character (charA_v1): short_black, white_hoodie + black_jeans, silver_ring_left_hand. prop (mug_red_v1): state: story_clue, visually consistent. 柜子里塞满录像带，每一盘都贴着他的名字。, 林澈低声说：林澈，一九九九。. Narration: ""柜子里塞满录像带，每一盘都贴着他的名字。"". 林澈 says: ""林澈，一九九九。"". Camera motion: medium shot, subtle hand-held camera feel, focus on subject action. continuity locks: charA_v1 (location: apartment_kitchen_or_hallway, pose: frozen); mug_red_v1 (location: near_main_character, state: warm_and_unexplained). cinematic realistic suspense comic panel, stable young Chinese man identity, rainy old apartment, red mug as recurring clue, coherent low-cost storyboard frame. Stable visual consistency across entire clip. No character drift, no prop mutation, no scene layout shift.","cartoon, neon cyberpunk (unless explicitly requested), sunlight, daylight, modern led lights, crowd, text artifacts, logo, watermark, extra fingers, face drift, face morphing, character drift, outfit change, prop mutation, scene layout shift, distorted limbs, burnt-in subtitles, motion blur excessive, flickering, framing jump cut","medium shot, subtle hand-held camera feel, focus on subject action","assets/scenes/kitchen_apartment_01/anchor_A.svg | assets/scenes/kitchen_apartment_01/anchor_B.svg | assets/scenes/kitchen_apartment_01/anchor_C.svg | assets/characters/charA_v1/front.svg | assets/characters/charA_v1/side.svg | assets/characters/charA_v1/fullbody.svg | assets/props/mug_red_v1/ref.svg","assets/renders/S018/keyframes/frame_01.jpg","assets/renders/S018/keyframes"
"S019","12","这是真的？","第一盘录像开始播放。画面里，小林澈坐在厨房桌边，母亲在哭。","style: Cinematic Realism v1, mood: cinematic, moody, controlled lighting, color palette: warm highlights, cool shadows. scene: Apartment Kitchen Night. red fridge, wooden table, rainy window. lighting: dim warm lamp + blue moonlight. character (charA_v1): short_black, white_hoodie + black_jeans, silver_ring_left_hand. prop (mug_red_v1): state: story_clue, visually consistent. 第一盘录像开始播放。画面里，小林澈坐在厨房桌边，母亲在哭。, 林澈低声说：这是真的？. Narration: ""第一盘录像开始播放。画面里，小林澈坐在厨房桌边，母亲在哭。"". 林澈 says: ""这是真的？"". Camera motion: tight close-up, shallow depth of field, subtle breathing camera drift. continuity locks: charA_v1 (location: apartment_kitchen_or_hallway, pose: listening); mug_red_v1 (location: near_main_character, state: warm_and_unexplained). cinematic realistic suspense comic panel, stable young Chinese man identity, rainy old apartment, red mug as recurring clue, coherent low-cost storyboard frame. Stable visual consistency across entire clip. No character drift, no prop mutation, no scene layout shift.","cartoon, neon cyberpunk (unless explicitly requested), sunlight, daylight, modern led lights, crowd, text artifacts, logo, watermark, extra fingers, face drift, face morphing, character drift, outfit change, prop mutation, scene layout shift, distorted limbs, burnt-in subtitles, motion blur excessive, flickering, framing jump cut","tight close-up, shallow depth of field, subtle breathing camera drift","assets/scenes/kitchen_apartment_01/anchor_A.svg | assets/scenes/kitchen_apartment_01/anchor_B.svg | assets/scenes/kitchen_apartment_01/anchor_C.svg | assets/characters/charA_v1/front.svg | assets/characters/charA_v1/side.svg | assets/characters/charA_v1/fullbody.svg | assets/props/mug_red_v1/ref.svg","assets/renders/S019/keyframes/frame_01.jpg","assets/renders/S019/keyframes"
"S020","12","她说了什么？","录像里的母亲把红杯推给孩子，说了一句被噪声吞掉的话。","style: Cinematic Realism v1, mood: cinematic, moody, controlled lighting, color palette: warm highlights, cool shadows. scene: Apartment Kitchen Night. red fridge, wooden table, rainy window. lighting: dim warm lamp + blue moonlight. character (charA_v1): short_black, white_hoodie + black_jeans, silver_ring_left_hand. prop (mug_red_v1): state: story_clue, visually consistent. 录像里的母亲把红杯推给孩子，说了一句被噪声吞掉的话。, 林澈低声说：她说了什么？. Narration: ""录像里的母亲把红杯推给孩子，说了一句被噪声吞掉的话。"". 林澈 says: ""她说了什么？"". Camera motion: detail insert shot, smooth focus pull, macro lens feel, very slight movement. continuity locks: charA_v1 (location: apartment_kitchen_or_hallway, pose: searching); mug_red_v1 (location: near_main_character, state: warm_and_unexplained). cinematic realistic suspense comic panel, stable young Chinese man identity, rainy old apartment, red mug as recurring clue, coherent low-cost storyboard frame. Stable visual consistency across entire clip. No character drift, no prop mutation, no scene layout shift.","cartoon, neon cyberpunk (unless explicitly requested), sunlight, daylight, modern led lights, crowd, text artifacts, logo, watermark, extra fingers, face drift, face morphing, character drift, outfit change, prop mutation, scene layout shift, distorted limbs, burnt-in subtitles, motion blur excessive, flickering, framing jump cut","detail insert shot, smooth focus pull, macro lens feel, very slight movement","assets/scenes/kitchen_apartment_01/anchor_A.svg | assets/scenes/kitchen_apartment_01/anchor_B.svg | assets/scenes/kitchen_apartment_01/anchor_C.svg | assets/characters/charA_v1/front.svg | assets/characters/charA_v1/side.svg | assets/characters/charA_v1/fullbody.svg | assets/props/mug_red_v1/ref.svg","assets/renders/S020/keyframes/frame_01.jpg","assets/renders/S020/keyframes"
"S021","12","别信谁？","电视雪花闪烁，噪声里慢慢挤出两个字：别信。","style: Cinematic Realism v1, mood: cinematic, moody, controlled lighting, color palette: warm highlights, cool shadows. scene: Apartment Kitchen Night. red fridge, wooden table, rainy window. lighting: dim warm lamp + blue moonlight. character (charA_v1): short_black, white_hoodie + black_jeans, silver_ring_left_hand. prop (mug_red_v1): state: story_clue, visually consistent. 电视雪花闪烁，噪声里慢慢挤出两个字：别信。, 林澈低声说：别信谁？. Narration: ""电视雪花闪烁，噪声里慢慢挤出两个字：别信。"". 林澈 says: ""别信谁？"". Camera motion: over-the-shoulder shot, slow rack focus between subjects. continuity locks: charA_v1 (location: apartment_kitchen_or_hallway, pose: frozen); mug_red_v1 (location: near_main_character, state: warm_and_unexplained). cinematic realistic suspense comic panel, stable young Chinese man identity, rainy old apartment, red mug as recurring clue, coherent low-cost storyboard frame. Stable visual consistency across entire clip. No character drift, no prop mutation, no scene layout shift.","cartoon, neon cyberpunk (unless explicitly requested), sunlight, daylight, modern led lights, crowd, text artifacts, logo, watermark, extra fingers, face drift, face morphing, character drift, outfit change, prop mutation, scene layout shift, distorted limbs, burnt-in subtitles, motion blur excessive, flickering, framing jump cut","over-the-shoulder shot, slow rack focus between subjects","assets/scenes/kitchen_apartment_01/anchor_A.svg | assets/scenes/kitchen_apartment_01/anchor_B.svg | assets/scenes/kitchen_apartment_01/anchor_C.svg | assets/characters/charA_v1/front.svg | assets/characters/charA_v1/side.svg | assets/characters/charA_v1/fullbody.svg | assets/props/mug_red_v1/ref.svg","assets/renders/S021/keyframes/frame_01.jpg","assets/renders/S021/keyframes"
"S022","12","小澈，开门。","门外传来母亲的声音，很近，很轻，像隔着一层水。","style: Cinematic Realism v1, mood: cinematic, moody, controlled lighting, color palette: warm highlights, cool shadows. scene: Apartment Kitchen Night. red fridge, wooden table, rainy window. lighting: dim warm lamp + blue moonlight. character (charA_v1): short_black, white_hoodie + black_jeans, silver_ring_left_hand. prop (mug_red_v1): state: story_clue, visually consistent. 门外传来母亲的声音，很近，很轻，像隔着一层水。, 林澈低声说：小澈，开门。. Narration: ""门外传来母亲的声音，很近，很轻，像隔着一层水。"". 林澈 says: ""小澈，开门。"". Camera motion: low angle shot, slight upward tilt, dramatic perspective. continuity locks: charA_v1 (location: apartment_kitchen_or_hallway, pose: listening); mug_red_v1 (location: near_main_character, state: warm_and_unexplained). cinematic realistic suspense comic panel, stable young Chinese man identity, rainy old apartment, red mug as recurring clue, coherent low-cost storyboard frame. Stable visual consistency across entire clip. No character drift, no prop mutation, no scene layout shift.","cartoon, neon cyberpunk (unless explicitly requested), sunlight, daylight, modern led lights, crowd, text artifacts, logo, watermark, extra fingers, face drift, face morphing, character drift, outfit change, prop mutation, scene layout shift, distorted limbs, burnt-in subtitles, motion blur excessive, flickering, framing jump cut","low angle shot, slight upward tilt, dramatic perspective","assets/scenes/kitchen_apartment_01/anchor_A.svg | assets/scenes/kitchen_apartment_01/anchor_B.svg | assets/scenes/kitchen_apartment_01/anchor_C.svg | assets/characters/charA_v1/front.svg | assets/characters/charA_v1/side.svg | assets/characters/charA_v1/fullbody.svg | assets/props/mug_red_v1/ref.svg","assets/renders/S022/keyframes/frame_01.jpg","assets/renders/S022/keyframes"
"S023","12","你不是我妈。","林澈后退一步，钥匙在掌心发烫，像在替他做决定。","style: Cinematic Realism v1, mood: cinematic, moody, controlled lighting, color palette: warm highlights, cool shadows. scene: Apartment Kitchen Night. red fridge, wooden table, rainy window. lighting: dim warm lamp + blue moonlight. character (charA_v1): short_black, white_hoodie + black_jeans, silver_ring_left_hand. prop (mug_red_v1): state: story_clue, visually consistent. 林澈后退一步，钥匙在掌心发烫，像在替他做决定。, 林澈低声说：你不是我妈。. Narration: ""林澈后退一步，钥匙在掌心发烫，像在替他做决定。"". 林澈 says: ""你不是我妈。"". Camera motion: high angle shot, downward perspective, surveillance or top-down feel. continuity locks: charA_v1 (location: apartment_kitchen_or_hallway, pose: searching); mug_red_v1 (location: near_main_character, state: warm_and_unexplained). cinematic realistic suspense comic panel, stable young Chinese man identity, rainy old apartment, red mug as recurring clue, coherent low-cost storyboard frame. Stable visual consistency across entire clip. No character drift, no prop mutation, no scene layout shift.","cartoon, neon cyberpunk (unless explicitly requested), sunlight, daylight, modern led lights, crowd, text artifacts, logo, watermark, extra fingers, face drift, face morphing, character drift, outfit change, prop mutation, scene layout shift, distorted limbs, burnt-in subtitles, motion blur excessive, flickering, framing jump cut","high angle shot, downward perspective, surveillance or top-down feel","assets/scenes/kitchen_apartment_01/anchor_A.svg | assets/scenes/kitchen_apartment_01/anchor_B.svg | assets/scenes/kitchen_apartment_01/anchor_C.svg | assets/characters/charA_v1/front.svg | assets/characters/charA_v1/side.svg | assets/characters/charA_v1/fullbody.svg | assets/props/mug_red_v1/ref.svg","assets/renders/S023/keyframes/frame_01.jpg","assets/renders/S023/keyframes"
"S024","12","别进来。","门把手缓慢转动，红杯突然裂开一道细缝。","style: Cinematic Realism v1, mood: cinematic, moody, controlled lighting, color palette: warm highlights, cool shadows. scene: Apartment Kitchen Night. red fridge, wooden table, rainy window. lighting: dim warm lamp + blue moonlight. character (charA_v1): short_black, white_hoodie + black_jeans, silver_ring_left_hand. prop (mug_red_v1): state: story_clue, visually consistent. 门把手缓慢转动，红杯突然裂开一道细缝。, 林澈低声说：别进来。. Narration: ""门把手缓慢转动，红杯突然裂开一道细缝。"". 林澈 says: ""别进来。"". Camera motion: extreme close-up, ultra shallow depth of field, slow micro-movement. continuity locks: charA_v1 (location: apartment_kitchen_or_hallway, pose: frozen); mug_red_v1 (location: near_main_character, state: warm_and_unexplained). cinematic realistic suspense comic panel, stable young Chinese man identity, rainy old apartment, red mug as recurring clue, coherent low-cost storyboard frame. Stable visual consistency across entire clip. No character drift, no prop mutation, no scene layout shift.","cartoon, neon cyberpunk (unless explicitly requested), sunlight, daylight, modern led lights, crowd, text artifacts, logo, watermark, extra fingers, face drift, face morphing, character drift, outfit change, prop mutation, scene layout shift, distorted limbs, burnt-in subtitles, motion blur excessive, flickering, framing jump cut","extreme close-up, ultra shallow depth of field, slow micro-movement","assets/scenes/kitchen_apartment_01/anchor_A.svg | assets/scenes/kitchen_apartment_01/anchor_B.svg | assets/scenes/kitchen_apartment_01/anchor_C.svg | assets/characters/charA_v1/front.svg | assets/characters/charA_v1/side.svg | assets/characters/charA_v1/fullbody.svg | assets/props/mug_red_v1/ref.svg","assets/renders/S024/keyframes/frame_01.jpg","assets/renders/S024/keyframes"
"S025","12","还有证据。","杯子碎裂，里面不是水，是一卷被泡软的照片底片。","style: Cinematic Realism v1, mood: cinematic, moody, controlled lighting, color palette: warm highlights, cool shadows. scene: Apartment Kitchen Night. red fridge, wooden table, rainy window. lighting: dim warm lamp + blue moonlight. character (charA_v1): short_black, white_hoodie + black_jeans, silver_ring_left_hand. prop (mug_red_v1): state: story_clue, visually consistent. 杯子碎裂，里面不是水，是一卷被泡软的照片底片。, 林澈低声说：还有证据。. Narration: ""杯子碎裂，里面不是水，是一卷被泡软的照片底片。"". 林澈 says: ""还有证据。"". Camera motion: static wide establishing shot, slow dolly in from medium to close-up. continuity locks: charA_v1 (location: apartment_kitchen_or_hallway, pose: listening); mug_red_v1 (location: near_main_character, state: broken_or_remembered). cinematic realistic suspense comic panel, stable young Chinese man identity, rainy old apartment, red mug as recurring clue, coherent low-cost storyboard frame. Stable visual consistency across entire clip. No character drift, no prop mutation, no scene layout shift.","cartoon, neon cyberpunk (unless explicitly requested), sunlight, daylight, modern led lights, crowd, text artifacts, logo, watermark, extra fingers, face drift, face morphing, character drift, outfit change, prop mutation, scene layout shift, distorted limbs, burnt-in subtitles, motion blur excessive, flickering, framing jump cut","static wide establishing shot, slow dolly in from medium to close-up","assets/scenes/kitchen_apartment_01/anchor_A.svg | assets/scenes/kitchen_apartment_01/anchor_B.svg | assets/scenes/kitchen_apartment_01/anchor_C.svg | assets/characters/charA_v1/front.svg | assets/characters/charA_v1/side.svg | assets/characters/charA_v1/fullbody.svg | assets/props/mug_red_v1/ref.svg","assets/renders/S025/keyframes/frame_01.jpg","assets/renders/S025/keyframes"
"S026","12","我们家没有地下室。","底片对着灯，出现一扇地下室铁门，门上写着林家的姓。","style: Cinematic Realism v1, mood: cinematic, moody, controlled lighting, color palette: warm highlights, cool shadows. scene: Apartment Kitchen Night. red fridge, wooden table, rainy window. lighting: dim warm lamp + blue moonlight. character (charA_v1): short_black, white_hoodie + black_jeans, silver_ring_left_hand. prop (mug_red_v1): state: story_clue, visually consistent. 底片对着灯，出现一扇地下室铁门，门上写着林家的姓。, 林澈低声说：我们家没有地下室。. Narration: ""底片对着灯，出现一扇地下室铁门，门上写着林家的姓。"". 林澈 says: ""我们家没有地下室。"". Camera motion: medium shot, subtle hand-held camera feel, focus on subject action. continuity locks: charA_v1 (location: apartment_kitchen_or_hallway, pose: searching); mug_red_v1 (location: near_main_character, state: broken_or_remembered). cinematic realistic suspense comic panel, stable young Chinese man identity, rainy old apartment, red mug as recurring clue, coherent low-cost storyboard frame. Stable visual consistency across entire clip. No character drift, no prop mutation, no scene layout shift.","cartoon, neon cyberpunk (unless explicitly requested), sunlight, daylight, modern led lights, crowd, text artifacts, logo, watermark, extra fingers, face drift, face morphing, character drift, outfit change, prop mutation, scene layout shift, distorted limbs, burnt-in subtitles, motion blur excessive, flickering, framing jump cut","medium shot, subtle hand-held camera feel, focus on subject action","assets/scenes/kitchen_apartment_01/anchor_A.svg | assets/scenes/kitchen_apartment_01/anchor_B.svg | assets/scenes/kitchen_apartment_01/anchor_C.svg | assets/characters/charA_v1/front.svg | assets/characters/charA_v1/side.svg | assets/characters/charA_v1/fullbody.svg | assets/props/mug_red_v1/ref.svg","assets/renders/S026/keyframes/frame_01.jpg","assets/renders/S026/keyframes"
"S027","12","就在这里。","地板传来空响。他蹲下敲击，桌脚旁有一块木板松了。","style: Cinematic Realism v1, mood: cinematic, moody, controlled lighting, color palette: warm highlights, cool shadows. scene: Apartment Kitchen Night. red fridge, wooden table, rainy window. lighting: dim warm lamp + blue moonlight. character (charA_v1): short_black, white_hoodie + black_jeans, silver_ring_left_hand. prop (mug_red_v1): state: story_clue, visually consistent. 地板传来空响。他蹲下敲击，桌脚旁有一块木板松了。, 林澈低声说：就在这里。. Narration: ""地板传来空响。他蹲下敲击，桌脚旁有一块木板松了。"". 林澈 says: ""就在这里。"". Camera motion: tight close-up, shallow depth of field, subtle breathing camera drift. continuity locks: charA_v1 (location: apartment_kitchen_or_hallway, pose: frozen); mug_red_v1 (location: near_main_character, state: broken_or_remembered). cinematic realistic suspense comic panel, stable young Chinese man identity, rainy old apartment, red mug as recurring clue, coherent low-cost storyboard frame. Stable visual consistency across entire clip. No character drift, no prop mutation, no scene layout shift.","cartoon, neon cyberpunk (unless explicitly requested), sunlight, daylight, modern led lights, crowd, text artifacts, logo, watermark, extra fingers, face drift, face morphing, character drift, outfit change, prop mutation, scene layout shift, distorted limbs, burnt-in subtitles, motion blur excessive, flickering, framing jump cut","tight close-up, shallow depth of field, subtle breathing camera drift","assets/scenes/kitchen_apartment_01/anchor_A.svg | assets/scenes/kitchen_apartment_01/anchor_B.svg | assets/scenes/kitchen_apartment_01/anchor_C.svg | assets/characters/charA_v1/front.svg | assets/characters/charA_v1/side.svg | assets/characters/charA_v1/fullbody.svg | assets/props/mug_red_v1/ref.svg","assets/renders/S027/keyframes/frame_01.jpg","assets/renders/S027/keyframes"
"S028","12","我下去。","木板掀开，冷风从黑洞里爬出来，带着潮湿的铁锈味。","style: Cinematic Realism v1, mood: cinematic, moody, controlled lighting, color palette: warm highlights, cool shadows. scene: Apartment Kitchen Night. red fridge, wooden table, rainy window. lighting: dim warm lamp + blue moonlight. character (charA_v1): short_black, white_hoodie + black_jeans, silver_ring_left_hand. prop (mug_red_v1): state: story_clue, visually consistent. 木板掀开，冷风从黑洞里爬出来，带着潮湿的铁锈味。, 林澈低声说：我下去。. Narration: ""木板掀开，冷风从黑洞里爬出来，带着潮湿的铁锈味。"". 林澈 says: ""我下去。"". Camera motion: detail insert shot, smooth focus pull, macro lens feel, very slight movement. continuity locks: charA_v1 (location: apartment_kitchen_or_hallway, pose: listening); mug_red_v1 (location: near_main_character, state: broken_or_remembered). cinematic realistic suspense comic panel, stable young Chinese man identity, rainy old apartment, red mug as recurring clue, coherent low-cost storyboard frame. Stable visual consistency across entire clip. No character drift, no prop mutation, no scene layout shift.","cartoon, neon cyberpunk (unless explicitly requested), sunlight, daylight, modern led lights, crowd, text artifacts, logo, watermark, extra fingers, face drift, face morphing, character drift, outfit change, prop mutation, scene layout shift, distorted limbs, burnt-in subtitles, motion blur excessive, flickering, framing jump cut","detail insert shot, smooth focus pull, macro lens feel, very slight movement","assets/scenes/kitchen_apartment_01/anchor_A.svg | assets/scenes/kitchen_apartment_01/anchor_B.svg | assets/scenes/kitchen_apartment_01/anchor_C.svg | assets/characters/charA_v1/front.svg | assets/characters/charA_v1/side.svg | assets/characters/charA_v1/fullbody.svg | assets/props/mug_red_v1/ref.svg","assets/renders/S028/keyframes/frame_01.jpg","assets/renders/S028/keyframes"
"S029","12","为什么都是同一天？","楼梯很窄，墙面贴着儿童身高线，每一道都写着同一天日期。","style: Cinematic Realism v1, mood: cinematic, moody, controlled lighting, color palette: warm highlights, cool shadows. scene: Apartment Kitchen Night. red fridge, wooden table, rainy window. lighting: dim warm lamp + blue moonlight. character (charA_v1): short_black, white_hoodie + black_jeans, silver_ring_left_hand. prop (mug_red_v1): state: story_clue, visually consistent. 楼梯很窄，墙面贴着儿童身高线，每一道都写着同一天日期。, 林澈低声说：为什么都是同一天？. Narration: ""楼梯很窄，墙面贴着儿童身高线，每一道都写着同一天日期。"". 林澈 says: ""为什么都是同一天？"". Camera motion: over-the-shoulder shot, slow rack focus between subjects. continuity locks: charA_v1 (location: hidden_basement_and_kitchen, pose: searching); mug_red_v1 (location: near_main_character, state: broken_or_remembered). cinematic realistic suspense comic panel, stable young Chinese man identity, rainy old apartment, red mug as recurring clue, coherent low-cost storyboard frame. Stable visual consistency across entire clip. No character drift, no prop mutation, no scene layout shift.","cartoon, neon cyberpunk (unless explicitly requested), sunlight, daylight, modern led lights, crowd, text artifacts, logo, watermark, extra fingers, face drift, face morphing, character drift, outfit change, prop mutation, scene layout shift, distorted limbs, burnt-in subtitles, motion blur excessive, flickering, framing jump cut","over-the-shoulder shot, slow rack focus between subjects","assets/scenes/kitchen_apartment_01/anchor_A.svg | assets/scenes/kitchen_apartment_01/anchor_B.svg | assets/scenes/kitchen_apartment_01/anchor_C.svg | assets/characters/charA_v1/front.svg | assets/characters/charA_v1/side.svg | assets/characters/charA_v1/fullbody.svg | assets/props/mug_red_v1/ref.svg","assets/renders/S029/keyframes/frame_01.jpg","assets/renders/S029/keyframes"
"S030","12","它在录音？","地下室尽头有一台旧录音机，红色指示灯正在闪。","style: Cinematic Realism v1, mood: cinematic, moody, controlled lighting, color palette: warm highlights, cool shadows. scene: Apartment Kitchen Night. red fridge, wooden table, rainy window. lighting: dim warm lamp + blue moonlight. character (charA_v1): short_black, white_hoodie + black_jeans, silver_ring_left_hand. prop (mug_red_v1): state: story_clue, visually consistent. 地下室尽头有一台旧录音机，红色指示灯正在闪。, 林澈低声说：它在录音？. Narration: ""地下室尽头有一台旧录音机，红色指示灯正在闪。"". 林澈 says: ""它在录音？"". Camera motion: low angle shot, slight upward tilt, dramatic perspective. continuity locks: charA_v1 (location: hidden_basement_and_kitchen, pose: frozen); mug_red_v1 (location: near_main_character, state: broken_or_remembered). cinematic realistic suspense comic panel, stable young Chinese man identity, rainy old apartment, red mug as recurring clue, coherent low-cost storyboard frame. Stable visual consistency across entire clip. No character drift, no prop mutation, no scene layout shift.","cartoon, neon cyberpunk (unless explicitly requested), sunlight, daylight, modern led lights, crowd, text artifacts, logo, watermark, extra fingers, face drift, face morphing, character drift, outfit change, prop mutation, scene layout shift, distorted limbs, burnt-in subtitles, motion blur excessive, flickering, framing jump cut","low angle shot, slight upward tilt, dramatic perspective","assets/scenes/kitchen_apartment_01/anchor_A.svg | assets/scenes/kitchen_apartment_01/anchor_B.svg | assets/scenes/kitchen_apartment_01/anchor_C.svg | assets/characters/charA_v1/front.svg | assets/characters/charA_v1/side.svg | assets/characters/charA_v1/fullbody.svg | assets/props/mug_red_v1/ref.svg","assets/renders/S030/keyframes/frame_01.jpg","assets/renders/S030/keyframes"
"S031","12","如果我忘了，就从红杯开始。","录音机播放出林澈自己的声音，比现在年轻，也更害怕。","style: Cinematic Realism v1, mood: cinematic, moody, controlled lighting, color palette: warm highlights, cool shadows. scene: Apartment Kitchen Night. red fridge, wooden table, rainy window. lighting: dim warm lamp + blue moonlight. character (charA_v1): short_black, white_hoodie + black_jeans, silver_ring_left_hand. prop (mug_red_v1): state: story_clue, visually consistent. 录音机播放出林澈自己的声音，比现在年轻，也更害怕。, 林澈低声说：如果我忘了，就从红杯开始。. Narration: ""录音机播放出林澈自己的声音，比现在年轻，也更害怕。"". 林澈 says: ""如果我忘了，就从红杯开始。"". Camera motion: high angle shot, downward perspective, surveillance or top-down feel. continuity locks: charA_v1 (location: hidden_basement_and_kitchen, pose: listening); mug_red_v1 (location: near_main_character, state: broken_or_remembered). cinematic realistic suspense comic panel, stable young Chinese man identity, rainy old apartment, red mug as recurring clue, coherent low-cost storyboard frame. Stable visual consistency across entire clip. No character drift, no prop mutation, no scene layout shift.","cartoon, neon cyberpunk (unless explicitly requested), sunlight, daylight, modern led lights, crowd, text artifacts, logo, watermark, extra fingers, face drift, face morphing, character drift, outfit change, prop mutation, scene layout shift, distorted limbs, burnt-in subtitles, motion blur excessive, flickering, framing jump cut","high angle shot, downward perspective, surveillance or top-down feel","assets/scenes/kitchen_apartment_01/anchor_A.svg | assets/scenes/kitchen_apartment_01/anchor_B.svg | assets/scenes/kitchen_apartment_01/anchor_C.svg | assets/characters/charA_v1/front.svg | assets/characters/charA_v1/side.svg | assets/characters/charA_v1/fullbody.svg | assets/props/mug_red_v1/ref.svg","assets/renders/S031/keyframes/frame_01.jpg","assets/renders/S031/keyframes"
"S032","12","我把自己困住了。","他终于明白，线索不是别人留下的，是过去的自己。","style: Cinematic Realism v1, mood: cinematic, moody, controlled lighting, color palette: warm highlights, cool shadows. scene: Apartment Kitchen Night. red fridge, wooden table, rainy window. lighting: dim warm lamp + blue moonlight. character (charA_v1): short_black, white_hoodie + black_jeans, silver_ring_left_hand. prop (mug_red_v1): state: story_clue, visually consistent. 他终于明白，线索不是别人留下的，是过去的自己。, 林澈低声说：我把自己困住了。. Narration: ""他终于明白，线索不是别人留下的，是过去的自己。"". 林澈 says: ""我把自己困住了。"". Camera motion: extreme close-up, ultra shallow depth of field, slow micro-movement. continuity locks: charA_v1 (location: hidden_basement_and_kitchen, pose: searching); mug_red_v1 (location: near_main_character, state: broken_or_remembered). cinematic realistic suspense comic panel, stable young Chinese man identity, rainy old apartment, red mug as recurring clue, coherent low-cost storyboard frame. Stable visual consistency across entire clip. No character drift, no prop mutation, no scene layout shift.","cartoon, neon cyberpunk (unless explicitly requested), sunlight, daylight, modern led lights, crowd, text artifacts, logo, watermark, extra fingers, face drift, face morphing, character drift, outfit change, prop mutation, scene layout shift, distorted limbs, burnt-in subtitles, motion blur excessive, flickering, framing jump cut","extreme close-up, ultra shallow depth of field, slow micro-movement","assets/scenes/kitchen_apartment_01/anchor_A.svg | assets/scenes/kitchen_apartment_01/anchor_B.svg | assets/scenes/kitchen_apartment_01/anchor_C.svg | assets/characters/charA_v1/front.svg | assets/characters/charA_v1/side.svg | assets/characters/charA_v1/fullbody.svg | assets/props/mug_red_v1/ref.svg","assets/renders/S032/keyframes/frame_01.jpg","assets/renders/S032/keyframes"
"S033","12","替代我？","录音继续说：不要找母亲，先找那个替代你的人。","style: Cinematic Realism v1, mood: cinematic, moody, controlled lighting, color palette: warm highlights, cool shadows. scene: Apartment Kitchen Night. red fridge, wooden table, rainy window. lighting: dim warm lamp + blue moonlight. character (charA_v1): short_black, white_hoodie + black_jeans, silver_ring_left_hand. prop (mug_red_v1): state: story_clue, visually consistent. 录音继续说：不要找母亲，先找那个替代你的人。, 林澈低声说：替代我？. Narration: ""录音继续说：不要找母亲，先找那个替代你的人。"". 林澈 says: ""替代我？"". Camera motion: static wide establishing shot, slow dolly in from medium to close-up. continuity locks: charA_v1 (location: hidden_basement_and_kitchen, pose: frozen); mug_red_v1 (location: near_main_character, state: broken_or_remembered). cinematic realistic suspense comic panel, stable young Chinese man identity, rainy old apartment, red mug as recurring clue, coherent low-cost storyboard frame. Stable visual consistency across entire clip. No character drift, no prop mutation, no scene layout shift.","cartoon, neon cyberpunk (unless explicitly requested), sunlight, daylight, modern led lights, crowd, text artifacts, logo, watermark, extra fingers, face drift, face morphing, character drift, outfit change, prop mutation, scene layout shift, distorted limbs, burnt-in subtitles, motion blur excessive, flickering, framing jump cut","static wide establishing shot, slow dolly in from medium to close-up","assets/scenes/kitchen_apartment_01/anchor_A.svg | assets/scenes/kitchen_apartment_01/anchor_B.svg | assets/scenes/kitchen_apartment_01/anchor_C.svg | assets/characters/charA_v1/front.svg | assets/characters/charA_v1/side.svg | assets/characters/charA_v1/fullbody.svg | assets/props/mug_red_v1/ref.svg","assets/renders/S033/keyframes/frame_01.jpg","assets/renders/S033/keyframes"
"S034","12","谁在里面？","地下室的镜子上蒙着布。布后传来指甲轻敲玻璃的声音。","style: Cinematic Realism v1, mood: cinematic, moody, controlled lighting, color palette: warm highlights, cool shadows. scene: Apartment Kitchen Night. red fridge, wooden table, rainy window. lighting: dim warm lamp + blue moonlight. character (charA_v1): short_black, white_hoodie + black_jeans, silver_ring_left_hand. prop (mug_red_v1): state: story_clue, visually consistent. 地下室的镜子上蒙着布。布后传来指甲轻敲玻璃的声音。, 林澈低声说：谁在里面？. Narration: ""地下室的镜子上蒙着布。布后传来指甲轻敲玻璃的声音。"". 林澈 says: ""谁在里面？"". Camera motion: medium shot, subtle hand-held camera feel, focus on subject action. continuity locks: charA_v1 (location: hidden_basement_and_kitchen, pose: listening); mug_red_v1 (location: near_main_character, state: broken_or_remembered). cinematic realistic suspense comic panel, stable young Chinese man identity, rainy old apartment, red mug as recurring clue, coherent low-cost storyboard frame. Stable visual consistency across entire clip. No character drift, no prop mutation, no scene layout shift.","cartoon, neon cyberpunk (unless explicitly requested), sunlight, daylight, modern led lights, crowd, text artifacts, logo, watermark, extra fingers, face drift, face morphing, character drift, outfit change, prop mutation, scene layout shift, distorted limbs, burnt-in subtitles, motion blur excessive, flickering, framing jump cut","medium shot, subtle hand-held camera feel, focus on subject action","assets/scenes/kitchen_apartment_01/anchor_A.svg | assets/scenes/kitchen_apartment_01/anchor_B.svg | assets/scenes/kitchen_apartment_01/anchor_C.svg | assets/characters/charA_v1/front.svg | assets/characters/charA_v1/side.svg | assets/characters/charA_v1/fullbody.svg | assets/props/mug_red_v1/ref.svg","assets/renders/S034/keyframes/frame_01.jpg","assets/renders/S034/keyframes"
"S035","12","你终于来了。","他掀开布，镜中人比他慢半秒抬头，嘴角却先笑了。","style: Cinematic Realism v1, mood: cinematic, moody, controlled lighting, color palette: warm highlights, cool shadows. scene: Apartment Kitchen Night. red fridge, wooden table, rainy window. lighting: dim warm lamp + blue moonlight. character (charA_v1): short_black, white_hoodie + black_jeans, silver_ring_left_hand. prop (mug_red_v1): state: story_clue, visually consistent. 他掀开布，镜中人比他慢半秒抬头，嘴角却先笑了。, 林澈低声说：你终于来了。. Narration: ""他掀开布，镜中人比他慢半秒抬头，嘴角却先笑了。"". 林澈 says: ""你终于来了。"". Camera motion: tight close-up, shallow depth of field, subtle breathing camera drift. continuity locks: charA_v1 (location: hidden_basement_and_kitchen, pose: searching); mug_red_v1 (location: near_main_character, state: broken_or_remembered). cinematic realistic suspense comic panel, stable young Chinese man identity, rainy old apartment, red mug as recurring clue, coherent low-cost storyboard frame. Stable visual consistency across entire clip. No character drift, no prop mutation, no scene layout shift.","cartoon, neon cyberpunk (unless explicitly requested), sunlight, daylight, modern led lights, crowd, text artifacts, logo, watermark, extra fingers, face drift, face morphing, character drift, outfit change, prop mutation, scene layout shift, distorted limbs, burnt-in subtitles, motion blur excessive, flickering, framing jump cut","tight close-up, shallow depth of field, subtle breathing camera drift","assets/scenes/kitchen_apartment_01/anchor_A.svg | assets/scenes/kitchen_apartment_01/anchor_B.svg | assets/scenes/kitchen_apartment_01/anchor_C.svg | assets/characters/charA_v1/front.svg | assets/characters/charA_v1/side.svg | assets/characters/charA_v1/fullbody.svg | assets/props/mug_red_v1/ref.svg","assets/renders/S035/keyframes/frame_01.jpg","assets/renders/S035/keyframes"
"S036","12","你不是我。","镜中人说不出声音，但唇形清楚：把记忆还给我。","style: Cinematic Realism v1, mood: cinematic, moody, controlled lighting, color palette: warm highlights, cool shadows. scene: Apartment Kitchen Night. red fridge, wooden table, rainy window. lighting: dim warm lamp + blue moonlight. character (charA_v1): short_black, white_hoodie + black_jeans, silver_ring_left_hand. prop (mug_red_v1): state: story_clue, visually consistent. 镜中人说不出声音，但唇形清楚：把记忆还给我。, 林澈低声说：你不是我。. Narration: ""镜中人说不出声音，但唇形清楚：把记忆还给我。"". 林澈 says: ""你不是我。"". Camera motion: detail insert shot, smooth focus pull, macro lens feel, very slight movement. continuity locks: charA_v1 (location: hidden_basement_and_kitchen, pose: frozen); mug_red_v1 (location: near_main_character, state: broken_or_remembered). cinematic realistic suspense comic panel, stable young Chinese man identity, rainy old apartment, red mug as recurring clue, coherent low-cost storyboard frame. Stable visual consistency across entire clip. No character drift, no prop mutation, no scene layout shift.","cartoon, neon cyberpunk (unless explicitly requested), sunlight, daylight, modern led lights, crowd, text artifacts, logo, watermark, extra fingers, face drift, face morphing, character drift, outfit change, prop mutation, scene layout shift, distorted limbs, burnt-in subtitles, motion blur excessive, flickering, framing jump cut","detail insert shot, smooth focus pull, macro lens feel, very slight movement","assets/scenes/kitchen_apartment_01/anchor_A.svg | assets/scenes/kitchen_apartment_01/anchor_B.svg | assets/scenes/kitchen_apartment_01/anchor_C.svg | assets/characters/charA_v1/front.svg | assets/characters/charA_v1/side.svg | assets/characters/charA_v1/fullbody.svg | assets/props/mug_red_v1/ref.svg","assets/renders/S036/keyframes/frame_01.jpg","assets/renders/S036/keyframes"
"S037","12","你出来了？","灯光熄灭又亮起，镜子外多了一只红杯，镜子里少了一个人。","style: Cinematic Realism v1, mood: cinematic, moody, controlled lighting, color palette: warm highlights, cool shadows. scene: Apartment Kitchen Night. red fridge, wooden table, rainy window. lighting: dim warm lamp + blue moonlight. character (charA_v1): short_black, white_hoodie + black_jeans, silver_ring_left_hand. prop (mug_red_v1): state: story_clue, visually consistent. 灯光熄灭又亮起，镜子外多了一只红杯，镜子里少了一个人。, 林澈低声说：你出来了？. Narration: ""灯光熄灭又亮起，镜子外多了一只红杯，镜子里少了一个人。"". 林澈 says: ""你出来了？"". Camera motion: over-the-shoulder shot, slow rack focus between subjects. continuity locks: charA_v1 (location: hidden_basement_and_kitchen, pose: listening); mug_red_v1 (location: near_main_character, state: broken_or_remembered). cinematic realistic suspense comic panel, stable young Chinese man identity, rainy old apartment, red mug as recurring clue, coherent low-cost storyboard frame. Stable visual consistency across entire clip. No character drift, no prop mutation, no scene layout shift.","cartoon, neon cyberpunk (unless explicitly requested), sunlight, daylight, modern led lights, crowd, text artifacts, logo, watermark, extra fingers, face drift, face morphing, character drift, outfit change, prop mutation, scene layout shift, distorted limbs, burnt-in subtitles, motion blur excessive, flickering, framing jump cut","over-the-shoulder shot, slow rack focus between subjects","assets/scenes/kitchen_apartment_01/anchor_A.svg | assets/scenes/kitchen_apartment_01/anchor_B.svg | assets/scenes/kitchen_apartment_01/anchor_C.svg | assets/characters/charA_v1/front.svg | assets/characters/charA_v1/side.svg | assets/characters/charA_v1/fullbody.svg | assets/props/mug_red_v1/ref.svg","assets/renders/S037/keyframes/frame_01.jpg","assets/renders/S037/keyframes"
"S038","12","别靠近她。","厨房方向传来脚步声。每一步都和他的心跳重合。","style: Cinematic Realism v1, mood: cinematic, moody, controlled lighting, color palette: warm highlights, cool shadows. scene: Apartment Kitchen Night. red fridge, wooden table, rainy window. lighting: dim warm lamp + blue moonlight. character (charA_v1): short_black, white_hoodie + black_jeans, silver_ring_left_hand. prop (mug_red_v1): state: story_clue, visually consistent. 厨房方向传来脚步声。每一步都和他的心跳重合。, 林澈低声说：别靠近她。. Narration: ""厨房方向传来脚步声。每一步都和他的心跳重合。"". 林澈 says: ""别靠近她。"". Camera motion: low angle shot, slight upward tilt, dramatic perspective. continuity locks: charA_v1 (location: hidden_basement_and_kitchen, pose: searching); mug_red_v1 (location: near_main_character, state: broken_or_remembered). cinematic realistic suspense comic panel, stable young Chinese man identity, rainy old apartment, red mug as recurring clue, coherent low-cost storyboard frame. Stable visual consistency across entire clip. No character drift, no prop mutation, no scene layout shift.","cartoon, neon cyberpunk (unless explicitly requested), sunlight, daylight, modern led lights, crowd, text artifacts, logo, watermark, extra fingers, face drift, face morphing, character drift, outfit change, prop mutation, scene layout shift, distorted limbs, burnt-in subtitles, motion blur excessive, flickering, framing jump cut","low angle shot, slight upward tilt, dramatic perspective","assets/scenes/kitchen_apartment_01/anchor_A.svg | assets/scenes/kitchen_apartment_01/anchor_B.svg | assets/scenes/kitchen_apartment_01/anchor_C.svg | assets/characters/charA_v1/front.svg | assets/characters/charA_v1/side.svg | assets/characters/charA_v1/fullbody.svg | assets/props/mug_red_v1/ref.svg","assets/renders/S038/keyframes/frame_01.jpg","assets/renders/S038/keyframes"
"S039","12","妈？","他冲上楼，看见母亲坐在桌边，和照片里一样年轻。","style: Cinematic Realism v1, mood: cinematic, moody, controlled lighting, color palette: warm highlights, cool shadows. scene: Apartment Kitchen Night. red fridge, wooden table, rainy window. lighting: dim warm lamp + blue moonlight. character (charA_v1): short_black, white_hoodie + black_jeans, silver_ring_left_hand. prop (mug_red_v1): state: story_clue, visually consistent. 他冲上楼，看见母亲坐在桌边，和照片里一样年轻。, 林澈低声说：妈？. Narration: ""他冲上楼，看见母亲坐在桌边，和照片里一样年轻。"". 林澈 says: ""妈？"". Camera motion: high angle shot, downward perspective, surveillance or top-down feel. continuity locks: charA_v1 (location: hidden_basement_and_kitchen, pose: frozen); mug_red_v1 (location: near_main_character, state: broken_or_remembered). cinematic realistic suspense comic panel, stable young Chinese man identity, rainy old apartment, red mug as recurring clue, coherent low-cost storyboard frame. Stable visual consistency across entire clip. No character drift, no prop mutation, no scene layout shift.","cartoon, neon cyberpunk (unless explicitly requested), sunlight, daylight, modern led lights, crowd, text artifacts, logo, watermark, extra fingers, face drift, face morphing, character drift, outfit change, prop mutation, scene layout shift, distorted limbs, burnt-in subtitles, motion blur excessive, flickering, framing jump cut","high angle shot, downward perspective, surveillance or top-down feel","assets/scenes/kitchen_apartment_01/anchor_A.svg | assets/scenes/kitchen_apartment_01/anchor_B.svg | assets/scenes/kitchen_apartment_01/anchor_C.svg | assets/characters/charA_v1/front.svg | assets/characters/charA_v1/side.svg | assets/characters/charA_v1/fullbody.svg | assets/props/mug_red_v1/ref.svg","assets/renders/S039/keyframes/frame_01.jpg","assets/renders/S039/keyframes"
"S040","12","别听他说，小澈。","母亲抬眼，却先看向他身后，像看见真正的儿子。","style: Cinematic Realism v1, mood: cinematic, moody, controlled lighting, color palette: warm highlights, cool shadows. scene: Apartment Kitchen Night. red fridge, wooden table, rainy window. lighting: dim warm lamp + blue moonlight. character (charA_v1): short_black, white_hoodie + black_jeans, silver_ring_left_hand. prop (mug_red_v1): state: story_clue, visually consistent. 母亲抬眼，却先看向他身后，像看见真正的儿子。, 林澈低声说：别听他说，小澈。. Narration: ""母亲抬眼，却先看向他身后，像看见真正的儿子。"". 林澈 says: ""别听他说，小澈。"". Camera motion: extreme close-up, ultra shallow depth of field, slow micro-movement. continuity locks: charA_v1 (location: hidden_basement_and_kitchen, pose: listening); mug_red_v1 (location: near_main_character, state: broken_or_remembered). cinematic realistic suspense comic panel, stable young Chinese man identity, rainy old apartment, red mug as recurring clue, coherent low-cost storyboard frame. Stable visual consistency across entire clip. No character drift, no prop mutation, no scene layout shift.","cartoon, neon cyberpunk (unless explicitly requested), sunlight, daylight, modern led lights, crowd, text artifacts, logo, watermark, extra fingers, face drift, face morphing, character drift, outfit change, prop mutation, scene layout shift, distorted limbs, burnt-in subtitles, motion blur excessive, flickering, framing jump cut","extreme close-up, ultra shallow depth of field, slow micro-movement","assets/scenes/kitchen_apartment_01/anchor_A.svg | assets/scenes/kitchen_apartment_01/anchor_B.svg | assets/scenes/kitchen_apartment_01/anchor_C.svg | assets/characters/charA_v1/front.svg | assets/characters/charA_v1/side.svg | assets/characters/charA_v1/fullbody.svg | assets/props/mug_red_v1/ref.svg","assets/renders/S040/keyframes/frame_01.jpg","assets/renders/S040/keyframes"
"S041","12","你偷走了我的人生。","另一个林澈站在门口，手里端着完整的红杯。","style: Cinematic Realism v1, mood: cinematic, moody, controlled lighting, color palette: warm highlights, cool shadows. scene: Apartment Kitchen Night. red fridge, wooden table, rainy window. lighting: dim warm lamp + blue moonlight. character (charA_v1): short_black, white_hoodie + black_jeans, silver_ring_left_hand. prop (mug_red_v1): state: story_clue, visually consistent. 另一个林澈站在门口，手里端着完整的红杯。, 林澈低声说：你偷走了我的人生。. Narration: ""另一个林澈站在门口，手里端着完整的红杯。"". 林澈 says: ""你偷走了我的人生。"". Camera motion: static wide establishing shot, slow dolly in from medium to close-up. continuity locks: charA_v1 (location: hidden_basement_and_kitchen, pose: searching); mug_red_v1 (location: near_main_character, state: broken_or_remembered). cinematic realistic suspense comic panel, stable young Chinese man identity, rainy old apartment, red mug as recurring clue, coherent low-cost storyboard frame. Stable visual consistency across entire clip. No character drift, no prop mutation, no scene layout shift.","cartoon, neon cyberpunk (unless explicitly requested), sunlight, daylight, modern led lights, crowd, text artifacts, logo, watermark, extra fingers, face drift, face morphing, character drift, outfit change, prop mutation, scene layout shift, distorted limbs, burnt-in subtitles, motion blur excessive, flickering, framing jump cut","static wide establishing shot, slow dolly in from medium to close-up","assets/scenes/kitchen_apartment_01/anchor_A.svg | assets/scenes/kitchen_apartment_01/anchor_B.svg | assets/scenes/kitchen_apartment_01/anchor_C.svg | assets/characters/charA_v1/front.svg | assets/characters/charA_v1/side.svg | assets/characters/charA_v1/fullbody.svg | assets/props/mug_red_v1/ref.svg","assets/renders/S041/keyframes/frame_01.jpg","assets/renders/S041/keyframes"
"S042","12","到底谁是真的？","两个人同时伸手，红杯在中间摇晃，杯中映出两段记忆。","style: Cinematic Realism v1, mood: cinematic, moody, controlled lighting, color palette: warm highlights, cool shadows. scene: Apartment Kitchen Night. red fridge, wooden table, rainy window. lighting: dim warm lamp + blue moonlight. character (charA_v1): short_black, white_hoodie + black_jeans, silver_ring_left_hand. prop (mug_red_v1): state: story_clue, visually consistent. 两个人同时伸手，红杯在中间摇晃，杯中映出两段记忆。, 林澈低声说：到底谁是真的？. Narration: ""两个人同时伸手，红杯在中间摇晃，杯中映出两段记忆。"". 林澈 says: ""到底谁是真的？"". Camera motion: medium shot, subtle hand-held camera feel, focus on subject action. continuity locks: charA_v1 (location: hidden_basement_and_kitchen, pose: frozen); mug_red_v1 (location: near_main_character, state: broken_or_remembered). cinematic realistic suspense comic panel, stable young Chinese man identity, rainy old apartment, red mug as recurring clue, coherent low-cost storyboard frame. Stable visual consistency across entire clip. No character drift, no prop mutation, no scene layout shift.","cartoon, neon cyberpunk (unless explicitly requested), sunlight, daylight, modern led lights, crowd, text artifacts, logo, watermark, extra fingers, face drift, face morphing, character drift, outfit change, prop mutation, scene layout shift, distorted limbs, burnt-in subtitles, motion blur excessive, flickering, framing jump cut","medium shot, subtle hand-held camera feel, focus on subject action","assets/scenes/kitchen_apartment_01/anchor_A.svg | assets/scenes/kitchen_apartment_01/anchor_B.svg | assets/scenes/kitchen_apartment_01/anchor_C.svg | assets/characters/charA_v1/front.svg | assets/characters/charA_v1/side.svg | assets/characters/charA_v1/fullbody.svg | assets/props/mug_red_v1/ref.svg","assets/renders/S042/keyframes/frame_01.jpg","assets/renders/S042/keyframes"
"S043","12","那真相是什么？","母亲终于开口：真的不是人，是愿意承担真相的那个。","style: Cinematic Realism v1, mood: cinematic, moody, controlled lighting, color palette: warm highlights, cool shadows. scene: Apartment Kitchen Night. red fridge, wooden table, rainy window. lighting: dim warm lamp + blue moonlight. character (charA_v1): short_black, white_hoodie + black_jeans, silver_ring_left_hand. prop (mug_red_v1): state: story_clue, visually consistent. 母亲终于开口：真的不是人，是愿意承担真相的那个。, 林澈低声说：那真相是什么？. Narration: ""母亲终于开口：真的不是人，是愿意承担真相的那个。"". 林澈 says: ""那真相是什么？"". Camera motion: tight close-up, shallow depth of field, subtle breathing camera drift. continuity locks: charA_v1 (location: hidden_basement_and_kitchen, pose: listening); mug_red_v1 (location: near_main_character, state: broken_or_remembered). cinematic realistic suspense comic panel, stable young Chinese man identity, rainy old apartment, red mug as recurring clue, coherent low-cost storyboard frame. Stable visual consistency across entire clip. No character drift, no prop mutation, no scene layout shift.","cartoon, neon cyberpunk (unless explicitly requested), sunlight, daylight, modern led lights, crowd, text artifacts, logo, watermark, extra fingers, face drift, face morphing, character drift, outfit change, prop mutation, scene layout shift, distorted limbs, burnt-in subtitles, motion blur excessive, flickering, framing jump cut","tight close-up, shallow depth of field, subtle breathing camera drift","assets/scenes/kitchen_apartment_01/anchor_A.svg | assets/scenes/kitchen_apartment_01/anchor_B.svg | assets/scenes/kitchen_apartment_01/anchor_C.svg | assets/characters/charA_v1/front.svg | assets/characters/charA_v1/side.svg | assets/characters/charA_v1/fullbody.svg | assets/props/mug_red_v1/ref.svg","assets/renders/S043/keyframes/frame_01.jpg","assets/renders/S043/keyframes"
"S044","12","是我做的？","她指向窗外。雨幕里，十年前的小男孩正把母亲锁进地下室。","style: Cinematic Realism v1, mood: cinematic, moody, controlled lighting, color palette: warm highlights, cool shadows. scene: Apartment Kitchen Night. red fridge, wooden table, rainy window. lighting: dim warm lamp + blue moonlight. character (charA_v1): short_black, white_hoodie + black_jeans, silver_ring_left_hand. prop (mug_red_v1): state: story_clue, visually consistent. 她指向窗外。雨幕里，十年前的小男孩正把母亲锁进地下室。, 林澈低声说：是我做的？. Narration: ""她指向窗外。雨幕里，十年前的小男孩正把母亲锁进地下室。"". 林澈 says: ""是我做的？"". Camera motion: detail insert shot, smooth focus pull, macro lens feel, very slight movement. continuity locks: charA_v1 (location: hidden_basement_and_kitchen, pose: searching); mug_red_v1 (location: near_main_character, state: broken_or_remembered). cinematic realistic suspense comic panel, stable young Chinese man identity, rainy old apartment, red mug as recurring clue, coherent low-cost storyboard frame. Stable visual consistency across entire clip. No character drift, no prop mutation, no scene layout shift.","cartoon, neon cyberpunk (unless explicitly requested), sunlight, daylight, modern led lights, crowd, text artifacts, logo, watermark, extra fingers, face drift, face morphing, character drift, outfit change, prop mutation, scene layout shift, distorted limbs, burnt-in subtitles, motion blur excessive, flickering, framing jump cut","detail insert shot, smooth focus pull, macro lens feel, very slight movement","assets/scenes/kitchen_apartment_01/anchor_A.svg | assets/scenes/kitchen_apartment_01/anchor_B.svg | assets/scenes/kitchen_apartment_01/anchor_C.svg | assets/characters/charA_v1/front.svg | assets/characters/charA_v1/side.svg | assets/characters/charA_v1/fullbody.svg | assets/props/mug_red_v1/ref.svg","assets/renders/S044/keyframes/frame_01.jpg","assets/renders/S044/keyframes"
"S045","12","我不是故意的。","林澈跪在地上，记忆像冷水灌进胸口。他曾经为了留住母亲，犯下不可逆的错。","style: Cinematic Realism v1, mood: cinematic, moody, controlled lighting, color palette: warm highlights, cool shadows. scene: Apartment Kitchen Night. red fridge, wooden table, rainy window. lighting: dim warm lamp + blue moonlight. character (charA_v1): short_black, white_hoodie + black_jeans, silver_ring_left_hand. prop (mug_red_v1): state: story_clue, visually consistent. 林澈跪在地上，记忆像冷水灌进胸口。他曾经为了留住母亲，犯下不可逆的错。, 林澈低声说：我不是故意的。. Narration: ""林澈跪在地上，记忆像冷水灌进胸口。他曾经为了留住母亲，犯下不可逆的错。"". 林澈 says: ""我不是故意的。"". Camera motion: over-the-shoulder shot, slow rack focus between subjects. continuity locks: charA_v1 (location: hidden_basement_and_kitchen, pose: frozen); mug_red_v1 (location: near_main_character, state: broken_or_remembered). cinematic realistic suspense comic panel, stable young Chinese man identity, rainy old apartment, red mug as recurring clue, coherent low-cost storyboard frame. Stable visual consistency across entire clip. No character drift, no prop mutation, no scene layout shift.","cartoon, neon cyberpunk (unless explicitly requested), sunlight, daylight, modern led lights, crowd, text artifacts, logo, watermark, extra fingers, face drift, face morphing, character drift, outfit change, prop mutation, scene layout shift, distorted limbs, burnt-in subtitles, motion blur excessive, flickering, framing jump cut","over-the-shoulder shot, slow rack focus between subjects","assets/scenes/kitchen_apartment_01/anchor_A.svg | assets/scenes/kitchen_apartment_01/anchor_B.svg | assets/scenes/kitchen_apartment_01/anchor_C.svg | assets/characters/charA_v1/front.svg | assets/characters/charA_v1/side.svg | assets/characters/charA_v1/fullbody.svg | assets/props/mug_red_v1/ref.svg","assets/renders/S045/keyframes/frame_01.jpg","assets/renders/S045/keyframes"
"S046","12","现在轮到你记住。","另一个林澈没有靠近，只把红杯放回桌上。杯中热气像一条回家的路。","style: Cinematic Realism v1, mood: cinematic, moody, controlled lighting, color palette: warm highlights, cool shadows. scene: Apartment Kitchen Night. red fridge, wooden table, rainy window. lighting: dim warm lamp + blue moonlight. character (charA_v1): short_black, white_hoodie + black_jeans, silver_ring_left_hand. prop (mug_red_v1): state: story_clue, visually consistent. 另一个林澈没有靠近，只把红杯放回桌上。杯中热气像一条回家的路。, 林澈低声说：现在轮到你记住。. Narration: ""另一个林澈没有靠近，只把红杯放回桌上。杯中热气像一条回家的路。"". 林澈 says: ""现在轮到你记住。"". Camera motion: low angle shot, slight upward tilt, dramatic perspective. continuity locks: charA_v1 (location: hidden_basement_and_kitchen, pose: listening); mug_red_v1 (location: near_main_character, state: broken_or_remembered). cinematic realistic suspense comic panel, stable young Chinese man identity, rainy old apartment, red mug as recurring clue, coherent low-cost storyboard frame. Stable visual consistency across entire clip. No character drift, no prop mutation, no scene layout shift.","cartoon, neon cyberpunk (unless explicitly requested), sunlight, daylight, modern led lights, crowd, text artifacts, logo, watermark, extra fingers, face drift, face morphing, character drift, outfit change, prop mutation, scene layout shift, distorted limbs, burnt-in subtitles, motion blur excessive, flickering, framing jump cut","low angle shot, slight upward tilt, dramatic perspective","assets/scenes/kitchen_apartment_01/anchor_A.svg | assets/scenes/kitchen_apartment_01/anchor_B.svg | assets/scenes/kitchen_apartment_01/anchor_C.svg | assets/characters/charA_v1/front.svg | assets/characters/charA_v1/side.svg | assets/characters/charA_v1/fullbody.svg | assets/props/mug_red_v1/ref.svg","assets/renders/S046/keyframes/frame_01.jpg","assets/renders/S046/keyframes"
"S047","12","别再逃了。","母亲的身影开始变淡。她没有责怪，只替他擦掉脸上的雨。","style: Cinematic Realism v1, mood: cinematic, moody, controlled lighting, color palette: warm highlights, cool shadows. scene: Apartment Kitchen Night. red fridge, wooden table, rainy window. lighting: dim warm lamp + blue moonlight. character (charA_v1): short_black, white_hoodie + black_jeans, silver_ring_left_hand. prop (mug_red_v1): state: story_clue, visually consistent. 母亲的身影开始变淡。她没有责怪，只替他擦掉脸上的雨。, 林澈低声说：别再逃了。. Narration: ""母亲的身影开始变淡。她没有责怪，只替他擦掉脸上的雨。"". 林澈 says: ""别再逃了。"". Camera motion: high angle shot, downward perspective, surveillance or top-down feel. continuity locks: charA_v1 (location: hidden_basement_and_kitchen, pose: searching); mug_red_v1 (location: near_main_character, state: empty). cinematic realistic suspense comic panel, stable young Chinese man identity, rainy old apartment, red mug as recurring clue, coherent low-cost storyboard frame. Stable visual consistency across entire clip. No character drift, no prop mutation, no scene layout shift.","cartoon, neon cyberpunk (unless explicitly requested), sunlight, daylight, modern led lights, crowd, text artifacts, logo, watermark, extra fingers, face drift, face morphing, character drift, outfit change, prop mutation, scene layout shift, distorted limbs, burnt-in subtitles, motion blur excessive, flickering, framing jump cut","high angle shot, downward perspective, surveillance or top-down feel","assets/scenes/kitchen_apartment_01/anchor_A.svg | assets/scenes/kitchen_apartment_01/anchor_B.svg | assets/scenes/kitchen_apartment_01/anchor_C.svg | assets/characters/charA_v1/front.svg | assets/characters/charA_v1/side.svg | assets/characters/charA_v1/fullbody.svg | assets/props/mug_red_v1/ref.svg","assets/renders/S047/keyframes/frame_01.jpg","assets/renders/S047/keyframes"
"S048","12","我会去自首。","天快亮时，厨房只剩一只空杯和一盘录音带。","style: Cinematic Realism v1, mood: cinematic, moody, controlled lighting, color palette: warm highlights, cool shadows. scene: Apartment Kitchen Night. red fridge, wooden table, rainy window. lighting: dim warm lamp + blue moonlight. character (charA_v1): short_black, white_hoodie + black_jeans, silver_ring_left_hand. prop (mug_red_v1): state: story_clue, visually consistent. 天快亮时，厨房只剩一只空杯和一盘录音带。, 林澈低声说：我会去自首。. Narration: ""天快亮时，厨房只剩一只空杯和一盘录音带。"". 林澈 says: ""我会去自首。"". Camera motion: extreme close-up, ultra shallow depth of field, slow micro-movement. continuity locks: charA_v1 (location: hidden_basement_and_kitchen, pose: frozen); mug_red_v1 (location: near_main_character, state: empty). cinematic realistic suspense comic panel, stable young Chinese man identity, rainy old apartment, red mug as recurring clue, coherent low-cost storyboard frame. Stable visual consistency across entire clip. No character drift, no prop mutation, no scene layout shift.","cartoon, neon cyberpunk (unless explicitly requested), sunlight, daylight, modern led lights, crowd, text artifacts, logo, watermark, extra fingers, face drift, face morphing, character drift, outfit change, prop mutation, scene layout shift, distorted limbs, burnt-in subtitles, motion blur excessive, flickering, framing jump cut","extreme close-up, ultra shallow depth of field, slow micro-movement","assets/scenes/kitchen_apartment_01/anchor_A.svg | assets/scenes/kitchen_apartment_01/anchor_B.svg | assets/scenes/kitchen_apartment_01/anchor_C.svg | assets/characters/charA_v1/front.svg | assets/characters/charA_v1/side.svg | assets/characters/charA_v1/fullbody.svg | assets/props/mug_red_v1/ref.svg","assets/renders/S048/keyframes/frame_01.jpg","assets/renders/S048/keyframes"
"S049","12","这次，我不回头。","林澈推开门，走廊灯全部亮起，坏掉的电梯第一次响铃。","style: Cinematic Realism v1, mood: cinematic, moody, controlled lighting, color palette: warm highlights, cool shadows. scene: Apartment Kitchen Night. red fridge, wooden table, rainy window. lighting: dim warm lamp + blue moonlight. character (charA_v1): short_black, white_hoodie + black_jeans, silver_ring_left_hand. prop (mug_red_v1): state: story_clue, visually consistent. 林澈推开门，走廊灯全部亮起，坏掉的电梯第一次响铃。, 林澈低声说：这次，我不回头。. Narration: ""林澈推开门，走廊灯全部亮起，坏掉的电梯第一次响铃。"". 林澈 says: ""这次，我不回头。"". Camera motion: static wide establishing shot, slow dolly in from medium to close-up. continuity locks: charA_v1 (location: hidden_basement_and_kitchen, pose: listening); mug_red_v1 (location: near_main_character, state: empty). cinematic realistic suspense comic panel, stable young Chinese man identity, rainy old apartment, red mug as recurring clue, coherent low-cost storyboard frame. Stable visual consistency across entire clip. No character drift, no prop mutation, no scene layout shift.","cartoon, neon cyberpunk (unless explicitly requested), sunlight, daylight, modern led lights, crowd, text artifacts, logo, watermark, extra fingers, face drift, face morphing, character drift, outfit change, prop mutation, scene layout shift, distorted limbs, burnt-in subtitles, motion blur excessive, flickering, framing jump cut","static wide establishing shot, slow dolly in from medium to close-up","assets/scenes/kitchen_apartment_01/anchor_A.svg | assets/scenes/kitchen_apartment_01/anchor_B.svg | assets/scenes/kitchen_apartment_01/anchor_C.svg | assets/characters/charA_v1/front.svg | assets/characters/charA_v1/side.svg | assets/characters/charA_v1/fullbody.svg | assets/props/mug_red_v1/ref.svg","assets/renders/S049/keyframes/frame_01.jpg","assets/renders/S049/keyframes"
"S050","12","故事，从这里结束。","雨停了。城市像刚被洗过，而红杯留在桌上，等下一个需要真相的人。","style: Cinematic Realism v1, mood: cinematic, moody, controlled lighting, color palette: warm highlights, cool shadows. scene: Apartment Kitchen Night. red fridge, wooden table, rainy window. lighting: dim warm lamp + blue moonlight. character (charA_v1): short_black, white_hoodie + black_jeans, silver_ring_left_hand. prop (mug_red_v1): state: story_clue, visually consistent. 雨停了。城市像刚被洗过，而红杯留在桌上，等下一个需要真相的人。, 林澈低声说：故事，从这里结束。. Narration: ""雨停了。城市像刚被洗过，而红杯留在桌上，等下一个需要真相的人。"". 林澈 says: ""故事，从这里结束。"". Camera motion: medium shot, subtle hand-held camera feel, focus on subject action. continuity locks: charA_v1 (location: hidden_basement_and_kitchen, pose: searching); mug_red_v1 (location: near_main_character, state: empty). cinematic realistic suspense comic panel, stable young Chinese man identity, rainy old apartment, red mug as recurring clue, coherent low-cost storyboard frame. Stable visual consistency across entire clip. No character drift, no prop mutation, no scene layout shift.","cartoon, neon cyberpunk (unless explicitly requested), sunlight, daylight, modern led lights, crowd, text artifacts, logo, watermark, extra fingers, face drift, face morphing, character drift, outfit change, prop mutation, scene layout shift, distorted limbs, burnt-in subtitles, motion blur excessive, flickering, framing jump cut","medium shot, subtle hand-held camera feel, focus on subject action","assets/scenes/kitchen_apartment_01/anchor_A.svg | assets/scenes/kitchen_apartment_01/anchor_B.svg | assets/scenes/kitchen_apartment_01/anchor_C.svg | assets/characters/charA_v1/front.svg | assets/characters/charA_v1/side.svg | assets/characters/charA_v1/fullbody.svg | assets/props/mug_red_v1/ref.svg","assets/renders/S050/keyframes/frame_01.jpg","assets/renders/S050/keyframes"